Name,PSIS,SE,dPSIS,dSE,pPSIS,MaxK,Weight
Fungus+treatment,361.48206138613034,13.36098727338483,,,3.487835639451009,0.24970466246325188,0.9998524060067392
Treatment,402.6905703152265,10.665179088981102,41.20850892909618,9.823454668463071,2.5397509077415115,0.33414590135750283,1.7902390750614586e-05
Itercept,405.88005340411775,11.28540434385685,44.397992017987406,11.557789111836842,1.5298585743156483,0.2774448242773466,0.0001296916025104675
