Name,WAIC,SE,dWAIC,dSE,pWAIC,Weight
Fungus+treatment,361.4775317465631,13.360186393955862,,,3.485570819667404,0.9998536083920518
Treatment,402.67998532201045,10.66338007974784,41.20245357544735,9.823144169032735,2.5344584111334028,1.7958404736141333e-05
Itercept,405.8817397398671,11.285362383257361,44.404207993304,11.55650616271356,1.5307017421903961,0.0001284332032121858
