Name,Mean,Std,Mode,+,-,68CI-,68CI+,95CI-,95CI+,N_Eff,R_hat
mu,8.0476339309185,5.1230472049469915,7.526,4.6319,4.59296,2.93304,12.1579,-1.83881,18.7353,1540.0,1.00309
tau,6.4099536730475,5.719893152349709,2.35669,5.40606,2.3533468699999998,0.00334313,7.76275,0.00334313,17.0748,1175.0,1.00125
eta.1,0.3939387668615,0.921034883533028,0.602576,0.7064239999999999,1.128811,-0.526235,1.309,-1.47852,2.1914,3505.0,0.999712
