Name,Mean,Std,Mode,+,-,68CI-,68CI+,95CI-,95CI+
x,3.5,1.8708286933869707,3,2,2,1,5,1,6
y,-3.5,1.8708286933869707,-3,1,3,-6,-2,-6,-1
