Name,Mean,Std,Mode,+,-,68CI-,68CI+,95CI-,95CI+
x,3.4375,1.5903353943953669,3,1,2,1,4,1,6
y,-2.5625,1.547847968417226,-2,1,1,-3,-1,-6,-1
