Name,Mean,Std,Mode,+,-,5CI-,5CI+,99CI-,99CI+,N_Eff,R_hat
mu,8.0476339309185,5.1230472049469915,7.526,0.12103000000000019,0.38068999999999953,7.14531,7.64703,-7.72186,22.7652,1540.0,1.00309
tau,6.4099536730475,5.719893152349709,2.35669,-0.6847099999999999,1.1057299999999999,1.25096,1.67198,0.00334313,26.4863,1175.0,1.00125
eta.1,0.3939387668615,0.921034883533028,0.602576,-0.432412,0.5274112,0.0751648,0.170164,-1.97789,2.68234,3505.0,0.999712
